id;transaction_id;document_id;document_type;document_sub_type;document_number;survey_plan_number;property_description;title_number
1;monitor 1080p Checking Account;world-class Frozen IB;Highway Ergonomic;moratorium moratorium;New York tangible Mississippi;Frozen bus;hard drive Robust Networked;Poland
2;Small partnerships;Outdoors;Harbor Montana;Corporate Phased relationships;white Brand Money Market Account;Salad Web virtual;Refined Squares;maroon
3;EXE projection Fresh;support Gorgeous;withdrawal;copying;ability Hat Iraq;magenta Concrete;User-centric Gloves;Mauritania
4;facilitate Tasty Concrete Chips Exclusive;Buckinghamshire capability zero tolerance;mission-critical;Berkshire Small Plastic Pants Investor;Canadian Dollar;Berkshire Designer;Credit Card Account;navigate
5;Re-contextualized;web-enabled invoice withdrawal;bypassing optical;installation;Argentine Peso;Kentucky Algerian Dinar Clothing;open-source turn-key;Sausages
6;disintermediate Cambridgeshire hacking;bricks-and-clicks Concrete Global;Fiji Dollar Profound Bacon;Macao Equatorial Guinea Vision-oriented;Agent;Human deposit;even-keeled Saint Helena Pound;Internal AI optical
7;bypassing Marketing;Dynamic Home Loan Account Tools;Branding;Home Gloves Latvia;Ports Manager Fish;Networked;Fish;payment calculating
8;local area network Benin;turn-key dedicated;Wisconsin;target Human withdrawal;dot-com payment Libyan Dinar;white sensor local;calculate;Chips
9;Villages uniform PCI;Automotive Tactics architectures;Wisconsin Facilitator Incredible;reinvent;eco-centric Bedfordshire mesh;Configuration UIC-Franc;Ergonomic Concrete Soap Zambian Kwacha;Concrete Bedfordshire
10;portal calculating Metal;real-time discrete redundant;Synergistic Personal Loan Account Sleek;Borders;olive Handcrafted Cotton Bacon Unbranded Fresh Pants;incubate;interfaces;Garden Dale Wallis and Futuna
