id;content;type;filename
1;../fake-data/blob/hipster.txt;eco-centric Bedfordshire mesh;Configuration UIC-Franc
2;../fake-data/blob/hipster.txt;Ergonomic Concrete Soap Zambian Kwacha;Concrete Bedfordshire
3;../fake-data/blob/hipster.txt;portal calculating Metal;real-time discrete redundant
4;../fake-data/blob/hipster.txt;Synergistic Personal Loan Account Sleek;Borders
5;../fake-data/blob/hipster.txt;olive Handcrafted Cotton Bacon Unbranded Fresh Pants;incubate
6;../fake-data/blob/hipster.txt;interfaces;Garden Dale Wallis and Futuna
7;../fake-data/blob/hipster.txt;generating;Computers Small Fresh Gloves back-end
8;../fake-data/blob/hipster.txt;interface;compress lavender Investment Account
9;../fake-data/blob/hipster.txt;backing up;Iran
10;../fake-data/blob/hipster.txt;Philippine Peso Metal;Strategist
