id;document_number;ownership_area;page_count;status;provided;type;name;file_size;content;content_url;image;date
1;mobile Fish;Home Loan Account Table Computer;5808;45924;seamless Metal deposit;5641;transmitter Implementation Electronics;99221;Money Market Account;Albania web-readiness;Namibia;2020-06-08
2;Gorgeous Frozen Pants;Common;78517;61838;syndicate;98323;Canyon HDD;68030;Centers;Factors;South Dakota envisioneer Music;2020-06-08
3;Monitored Bahamian Dollar Investment Account;Games Regional Digitized;66252;75536;convergence;20794;Georgia Industrial;84228;Views e-enable Communications;National Awesome sky blue;Tactics;2020-06-07
4;compress South Georgia and the South Sandwich Islands;compelling mission-critical;54269;27599;scalable;16526;Industrial;42340;reinvent 24 hour Jewelery;monitor;1080p Checking Account Identity;2020-06-08
5;Internal;Investment Account archive Fantastic Plastic Chicken;32518;66592;New York tangible Mississippi;38292;Developer;84891;hard drive Robust Networked;Poland;Small partnerships;2020-06-08
6;Dynamic;knowledge base Buckinghamshire;90756;13933;Investment Account;53984;white Brand Money Market Account;69478;JSON;virtual deposit;Squares mint green e-business;2020-06-07
7;projection Fresh;support Gorgeous;22793;64769;Jewelery cutting-edge;30478;Hat;53408;Bedfordshire Bahamian Dollar;24/7;Gloves sky blue Oklahoma;2020-06-08
8;Tasty Concrete Chips Exclusive;Buckinghamshire capability zero tolerance;3688;26678;Analyst paradigms;3305;ubiquitous;63435;Canadian Dollar;Berkshire Designer;Credit Card Account;2020-06-08
9;24/7 Re-contextualized cross-platform;invoice withdrawal;53577;81643;optical;15071;Bedfordshire;69581;HDD;Algerian Dinar;firewall;2020-06-07
10;turn-key;Sausages;69093;39757;Cambridgeshire hacking;67569;bandwidth azure;54144;Fiji Dollar Profound Bacon;Macao Equatorial Guinea Vision-oriented;Agent;2020-06-08
