id;email;surcon_number;registration_number;phone;status
1;Hailey_Casper99@hotmail.com;mint green streamline Mobility;Arizona synthesizing Fresh;727.181.1826 x6593;HDD
2;Marjolaine.Schumm@yahoo.com;e-enable Plaza intranet;convergence Idaho customized;355.092.6514;migration array Belize Dollar
3;Peggie.Thiel@gmail.com;reboot South Carolina;Cheese orchestration Robust;1-102-577-4873 x1851;indexing Rubber
4;Jimmie.Schinner@yahoo.com;Intuitive application;Baby Credit Card Account Nevada;1-253-819-9352 x4442;Savings Account Customer Granite
5;Leonora72@gmail.com;Personal Loan Account Awesome International;Lead alarm Cheese;360.407.1989 x941;Visionary
6;Rogelio83@gmail.com;strategy instruction set Persistent;seize Handmade Plastic Mouse;706-313-4589 x93434;District Idaho Grocery
7;Brooks57@hotmail.com;Table Automotive;integrated;262.026.5199 x415;SDD Zimbabwe
8;Jimmie.Gusikowski@gmail.com;scale;indigo National;416-034-8550;synthesize
9;Julien.Ledner@yahoo.com;target Rhode Island;Intelligent;1-809-732-2865;auxiliary Liaison
10;Michel.Streich@hotmail.com;Cyprus;Distributed;(505) 137-5186 x5270;Visionary pixel SAS
